insert into tbl_relays (relay_id, no_of_associated_lights, no_of_assiocuated_fans, no_of_assiocuated_acs) 
values  (101, 0, 0, 1),
		(102, 0, 0, 1),
		(103, 2, 3, 0),
		(104, 3, 2, 0),
		(105, 6, 2, 0),
        (106, 3, 2, 0);
        
select * from  tbl_relays;

insert into tbl_teachers (teacher_id, teacher_first_name, teacher_last_name,teacher_designation)
values  (1001, "Shafaq", "Sohail", "asst_prof"),
		(1002, "Afzal", "Hussain", "asst_prof"),
		(1003, "Iqbaluddin", "Khan", "asst_prof"),
		(1004, "Adnan", "Jaffri", "asst_prof"),
		(1005, "Shams ul", "Arfeen", "asst_prof"),
		(1006, "Salman", "Shah", "asst_prof"),
		(1007, "Kamil", "Sidiqui", "asst_prof"),
		(1008, "Adeel", "Mannan", "asst_prof"),
		(1009, "Imran", "Khan", "asst_prof"),
		(1010, "Zafar", "Ahmed", "asst_prof"),
		(1011, "Noman", "Siddiqui", "asst_prof"),
		(1012, "Aqeel", "Ur Rehman", "HOD"),
		(1013, "Adnan","Ahmed", "asst_prof"),
		(1014, "Asad","Ur Rehman", "asst_prof"),
		(1015, "Suboohi","Mahmood", "asst_prof");


insert into tbl_login_accounts (account_id, permission_level, password)
values  (1001, "Teacher", "Hamdard123"),
		(1002, "Teacher", "Hamdard123"),
		(1003, "Teacher", "Hamdard123"),
		(1004, "Teacher", "Hamdard123"),
		(1005, "Teacher", "Hamdard123"),
		(1006, "Teacher", "Hamdard123"),
        (1007, "Teacher", "Hamdard123"),
        (1008, "Teacher", "Hamdard123"),
        (1009, "Teacher", "Hamdard123"),
        (1010, "Teacher", "Hamdard123"),
        (1011, "Teacher", "Hamdard123"),
        (1012, "HOD", "HamdardHOD123"),
        (1013, "Teacher", "Hamdard123"),
        (1014, "Teacher", "Hamdard123"),
        (1015, "QMD", "HamdardQMD123");


select * from tbl_teachers;

insert into tbl_rooms(room_id, capacity, no_of_lights, no_of_fans, no_of_ac)
values  (01, 60, 14, 9, 2),
		(02, 60, 14, 9, 2),
		(03, 60, 14, 9, 2),
		(04, 60, 14, 9, 2),
		(05, 60, 14, 9, 2),
		(06, 60, 14, 9, 2),
		(07, 30, 7, 4, 0),
		(08, 30, 7, 4, 0),
		(09, 60, 14, 9, 2),
		(10, 60, 14, 9, 2),
		(11, 30, 7, 4, 0),
		(12, 30, 7, 4, 0),
		(13, 60, 14, 9, 2),
		(14, 60, 14, 9, 2),
		(15, 60, 14, 9, 2);

insert into tbl_courses(course_id , teacher_id, course_name, course_credit_hours,total_students_enrolled)
values  (0001, 1009, "Basic Electroni", 2, 27),
		(0002, 1004, "Functonal English", 1, 46),
		(0003, 1007, "Pakistan Studeies", 1, 54),
		(0004, 1010, "Islamic Studies", 1, 43),
		(0005, 1009, "Numerical Computing", 2, 27),
		(0006, 1006, "Compiler Construction", 1, 44),
		(0007, 1011, "Marketing and Management", 2, 55),
		(0008, 1011, "Discrete Structure", 2, 33),
		(0009, 1005, "Objecct Oriented Programming", 1, 45),
		(0010, 1003, "Operating System", 1, 42),
		(0011, 1008, "Software Project Management", 1, 23),
		(0012, 1011, "Financial Management", 12, 31);

select * from tbl_courses;

insert into tbl_Schedule(room_id, course_id, slot, day_of_week)
values  (01, 0002, 1, 1),
		(01, 0002, 2, 1),
        (01, 0010, 3, 1),
        (01, 0010, 4, 1),
        (01, 0005, 5, 1),
        (01, 0005, 6, 1),
        (01, 0009, 1, 2),
        (01, 0006, 3, 2),
        (01, 0006, 4, 2),
        (01, 0012, 7, 2),
        (01, 0008, 1, 3),
        (01, 0011, 5, 3),
        (01, 0007, 1, 4),
        (01, 0007, 2, 4),
        (01, 0011, 4, 4),
        (01, 0001, 3, 5),
        (01, 0001, 4, 5);
        
select * from tbl_Schedule;

insert into tbl_room_status(room_id, course_id, relay_used, attendance, date, slot)
values
        (01, 0002, 101, 22, 2019-01-07, 1),
		(01, 0002, 103, 22, 2019-01-07, 1),
		(01, 0002, 104, 22, 2019-01-07, 1),
		(01, 0002, 105, 22, 2019-01-07, 1),

		(01, 0002, 101, 22, 2019-01-07, 2),
		(01, 0002, 103, 22, 2019-01-07, 2),
		(01, 0002, 104, 22, 2019-01-07, 2),
		(01, 0002, 105, 22, 2019-01-07, 2),
        
        (01, 0010, 101, 37, 2019-01-07, 3),
		(01, 0010, 102, 37, 2019-01-07, 3),
		(01, 0010, 103, 37, 2019-01-07, 3),
		(01, 0002, 104, 37, 2019-01-07, 3),
		(01, 0002, 105, 37, 2019-01-07, 3),
        
        (01, 0010, 101, 37, 2019-01-07, 4),
		(01, 0010, 102, 37, 2019-01-07, 4),
		(01, 0010, 103, 37, 2019-01-07, 4),
		(01, 0010, 104, 37, 2019-01-07, 4),
		(01, 0010, 105, 37, 2019-01-07, 4),
        
        (01, 0005, 101, 24, 2019-01-07, 5),
		(01, 0005, 103, 24, 2019-01-07, 5),
		(01, 0005, 104, 24, 2019-01-07, 5),
		
        (01, 0005, 101, 24, 2019-01-07, 6),
		(01, 0005, 103, 24, 2019-01-07, 6),
		(01, 0005, 104, 24, 2019-01-07, 6),
        
		(01, 0009, 101, 41, 2019-01-08, 1),
		(01, 0009, 102, 41, 2019-01-08, 1),
		(01, 0009, 103, 41, 2019-01-08, 1),
		(01, 0009, 104, 41, 2019-01-08, 1),
		(01, 0009, 105, 41, 2019-01-08, 1),
        
        (01, 0006, 101, 38, 2019-01-08, 3),
		(01, 0006, 102, 38, 2019-01-08, 3),
		(01, 0006, 103, 38, 2019-01-08, 3),
		(01, 0006, 104, 38, 2019-01-08, 3),
		(01, 0006, 105, 38, 2019-01-08, 3),
        
        (01, 0006, 101, 38, 2019-01-08, 4),
		(01, 0006, 102, 38, 2019-01-08, 4),
		(01, 0006, 103, 38, 2019-01-08, 4),
		(01, 0006, 104, 38, 2019-01-08, 4),
		(01, 0006, 105, 38, 2019-01-08, 4),
        
        
        (01, 0012, 101, 38, 2019-01-08, 7),
		(01, 0012, 103, 38, 2019-01-08, 7),
		(01, 0012, 104, 38, 2019-01-08, 7),
		(01, 0012, 105, 38, 2019-01-08, 7),
        
        
        (01, 0008, 101, 31, 2019-01-09, 1),
		(01, 0008, 102, 31, 2019-01-09, 1),
		(01, 0008, 103, 31, 2019-01-09, 1),
		(01, 0008, 104, 31, 2019-01-09, 1),
		
        
        (01, 0011, 101, 23, 2019-01-09, 4),
		(01, 0011, 103, 23, 2019-01-09, 4),
		(01, 0011, 104, 23, 2019-01-09, 4),
        
        
        (01, 0007, 101, 48, 2019-01-10, 1),
		(01, 0007, 102, 48, 2019-01-10, 1),
		(01, 0007, 103, 48, 2019-01-10, 1),
		(01, 0007, 104, 48, 2019-01-10, 1),
		(01, 0007, 105, 48, 2019-01-10, 1),
        
        (01, 0007, 101, 48, 2019-01-10, 2),
		(01, 0007, 102, 48, 2019-01-10, 2),
		(01, 0007, 103, 48, 2019-01-10, 2),
		(01, 0007, 104, 48, 2019-01-10, 2),
		(01, 0007, 105, 48, 2019-01-10, 2),
		
        (01, 0011, 101, 20, 2019-01-10, 6),
		(01, 0011, 103, 20, 2019-01-10, 6),
		(01, 0011, 104, 20, 2019-01-10, 6),
		
        (01, 0001, 101, 24, 2019-01-11, 3),
		(01, 0001, 103, 24, 2019-01-11, 3),
		(01, 0001, 104, 24, 2019-01-11, 3);
        
select * from tbl_room_status;


        

insert into tbl_history(date, room_id, slot, credit_hour, relay_used)
values  (2019-01-07, 01, 1, 2, 4),
		(2019-01-07, 01, 2, 2, 4),
        (2019-01-07, 01, 3, 2, 5),
        (2019-01-07, 01, 4, 2, 5),
        (2019-01-07, 01, 5, 2, 3),
        (2019-01-07, 01, 6, 2, 3),
        
        (2019-01-08, 01, 1, 1, 5),
        (2019-01-08, 01, 3, 2, 5),
        (2019-01-08, 01, 4, 2, 5),
        (2019-01-08, 01, 7, 1, 4),
        
        (2019-01-09, 01, 1, 1, 4),
        (2019-01-09, 01, 4, 1, 3),
        
        (2019-01-10, 01, 1, 2, 5),
        (2019-01-10, 01, 2, 2, 5),
        (2019-01-10, 01, 6, 1, 3),
        
        (2019-01-11, 01, 1, 2, 3),
        (2019-01-11, 01, 2, 2, 3);

select * from tbl_history;